{"cam/image_array":"6557_cam-image_array_.jpg","user/throttle":0.8492103815078735,"user/angle":0.08359670639038086,"user/mode":"user","track/lap":0,"track/loc":14}