{"cam/image_array":"3922_cam-image_array_.jpg","user/throttle":0.9076182246208191,"user/angle":-0.49501821398735049,"user/mode":"user","track/lap":0,"track/loc":18}