{"cam/image_array":"8090_cam-image_array_.jpg","user/throttle":0.9390726089477539,"user/angle":0.08462134748697281,"user/mode":"user","track/lap":0,"track/loc":15}