{"cam/image_array":"7978_cam-image_array_.jpg","user/throttle":0.4025280177593231,"user/angle":-0.21148771047592164,"user/mode":"user","track/lap":0,"track/loc":12}