{"cam/image_array":"4135_cam-image_array_.jpg","user/throttle":0.4517965018749237,"user/angle":0.8294708728790283,"user/mode":"user","track/lap":0,"track/loc":21}