{"cam/image_array":"6484_cam-image_array_.jpg","user/throttle":0.2468634843826294,"user/angle":-0.6922329068183899,"user/mode":"user","track/lap":0,"track/loc":12}