{"cam/image_array":"1012_cam-image_array_.jpg","user/throttle":0.8444010019302368,"user/angle":0.07784999907016754,"user/mode":"user","track/lap":0,"track/loc":14}