{"cam/image_array":"6481_cam-image_array_.jpg","user/throttle":0.10560362040996552,"user/angle":-0.8884272575378418,"user/mode":"user","track/lap":0,"track/loc":12}