{"cam/image_array":"4808_cam-image_array_.jpg","user/throttle":0.14717625081539155,"user/angle":0.9699442982673645,"user/mode":"user","track/lap":0,"track/loc":8}