{"cam/image_array":"6863_cam-image_array_.jpg","user/throttle":0.7266938090324402,"user/angle":0.1466064155101776,"user/mode":"user","track/lap":0,"track/loc":19}