{"cam/image_array":"4084_cam-image_array_.jpg","user/throttle":0.4513503611087799,"user/angle":0.9744904041290283,"user/mode":"user","track/lap":0,"track/loc":20}