{"cam/image_array":"6491_cam-image_array_.jpg","user/throttle":0.5935831665992737,"user/angle":-0.21067780256271363,"user/mode":"user","track/lap":0,"track/loc":12}