{"cam/image_array":"9700_cam-image_array_.jpg","user/throttle":0.45099523663520815,"user/angle":0.6952878832817078,"user/mode":"user","track/lap":0,"track/loc":19}