{"cam/image_array":"4863_cam-image_array_.jpg","user/throttle":0.7962602972984314,"user/angle":0.48397690057754519,"user/mode":"user","track/lap":0,"track/loc":9}