{"cam/image_array":"7915_cam-image_array_.jpg","user/throttle":0.49339577555656435,"user/angle":-0.6279085278511047,"user/mode":"user","track/lap":0,"track/loc":11}