{"cam/image_array":"8993_cam-image_array_.jpg","user/throttle":0.6477439403533936,"user/angle":0.48924458026885989,"user/mode":"user","track/lap":0,"track/loc":5}