{"cam/image_array":"1166_cam-image_array_.jpg","user/throttle":0.649957537651062,"user/angle":0.48617008328437807,"user/mode":"user","track/lap":0,"track/loc":17}