{"cam/image_array":"4144_cam-image_array_.jpg","user/throttle":0.9494854211807251,"user/angle":0.13823610544204713,"user/mode":"user","track/lap":0,"track/loc":21}