{"cam/image_array":"8389_cam-image_array_.jpg","user/throttle":0.09370768815279007,"user/angle":0.7085967659950256,"user/mode":"user","track/lap":0,"track/loc":19}