{"cam/image_array":"3920_cam-image_array_.jpg","user/throttle":0.8020145893096924,"user/angle":-0.3483465313911438,"user/mode":"user","track/lap":0,"track/loc":18}