{"cam/image_array":"4074_cam-image_array_.jpg","user/throttle":0.937916100025177,"user/angle":0.29870468378067019,"user/mode":"user","track/lap":0,"track/loc":20}