{"cam/image_array":"2230_cam-image_array_.jpg","user/throttle":0.8584216833114624,"user/angle":-0.12403544038534165,"user/mode":"user","track/lap":0,"track/loc":11}