{"cam/image_array":"8091_cam-image_array_.jpg","user/throttle":0.8790693283081055,"user/angle":0.16795919835567475,"user/mode":"user","track/lap":0,"track/loc":15}