{"cam/image_array":"6559_cam-image_array_.jpg","user/throttle":0.756388247013092,"user/angle":0.21251632273197175,"user/mode":"user","track/lap":0,"track/loc":14}