{"cam/image_array":"2540_cam-image_array_.jpg","user/throttle":0.9508672952651978,"user/angle":0.1398211568593979,"user/mode":"user","track/lap":0,"track/loc":17}