{"cam/image_array":"6493_cam-image_array_.jpg","user/throttle":0.6995273232460022,"user/angle":-0.06353317201137543,"user/mode":"user","track/lap":0,"track/loc":12}