{"cam/image_array":"2228_cam-image_array_.jpg","user/throttle":0.7522231340408325,"user/angle":-0.27153337001800539,"user/mode":"user","track/lap":0,"track/loc":11}