{"cam/image_array":"3096_cam-image_array_.jpg","user/throttle":0.10137531161308289,"user/angle":0.07326927781105042,"user/mode":"user","track/lap":0,"track/loc":2}