{"cam/image_array":"6977_cam-image_array_.jpg","user/throttle":0.9055047035217285,"user/angle":0.13124363124370576,"user/mode":"user","track/lap":0,"track/loc":21}