{"cam/image_array":"8381_cam-image_array_.jpg","user/throttle":0.5031507015228272,"user/angle":0.13992588222026826,"user/mode":"user","track/lap":0,"track/loc":19}