{"cam/image_array":"9561_cam-image_array_.jpg","user/throttle":0.8987223505973816,"user/angle":0.8231476545333862,"user/mode":"user","track/lap":0,"track/loc":17}