{"cam/image_array":"7754_cam-image_array_.jpg","user/throttle":0.27043625712394717,"user/angle":0.8742940425872803,"user/mode":"user","track/lap":0,"track/loc":8}