{"cam/image_array":"6563_cam-image_array_.jpg","user/throttle":0.5658974051475525,"user/angle":0.47708702087402346,"user/mode":"user","track/lap":0,"track/loc":14}