{"cam/image_array":"7918_cam-image_array_.jpg","user/throttle":0.3487613797187805,"user/angle":-0.8287895917892456,"user/mode":"user","track/lap":0,"track/loc":11}