{"cam/image_array":"7719_cam-image_array_.jpg","user/throttle":0.8422451615333557,"user/angle":0.06657899171113968,"user/mode":"user","track/lap":0,"track/loc":7}