{"cam/image_array":"7916_cam-image_array_.jpg","user/throttle":0.4442286491394043,"user/angle":-0.6961961388587952,"user/mode":"user","track/lap":0,"track/loc":11}