{"cam/image_array":"2538_cam-image_array_.jpg","user/throttle":0.8034129738807678,"user/angle":0.34461867809295657,"user/mode":"user","track/lap":0,"track/loc":17}