{"cam/image_array":"2536_cam-image_array_.jpg","user/throttle":0.7547209858894348,"user/angle":0.4122464656829834,"user/mode":"user","track/lap":0,"track/loc":17}