{"cam/image_array":"9574_cam-image_array_.jpg","user/throttle":0.9933215975761414,"user/angle":-0.33987757563591006,"user/mode":"user","track/lap":0,"track/loc":17}