{"cam/image_array":"9573_cam-image_array_.jpg","user/throttle":0.9460389614105225,"user/angle":-0.2742072641849518,"user/mode":"user","track/lap":0,"track/loc":17}