{"cam/image_array":"5038_cam-image_array_.jpg","user/throttle":0.197359099984169,"user/angle":0.07342049479484558,"user/mode":"user","track/lap":0,"track/loc":13}