{"cam/image_array":"8386_cam-image_array_.jpg","user/throttle":0.2535875737667084,"user/angle":0.48654133081436159,"user/mode":"user","track/lap":0,"track/loc":19}