{"cam/image_array":"5488_cam-image_array_.jpg","user/throttle":0.5484133362770081,"user/angle":0.2079496532678604,"user/mode":"user","track/lap":0,"track/loc":19}