{"cam/image_array":"2229_cam-image_array_.jpg","user/throttle":0.8057237863540649,"user/angle":-0.19722692668437959,"user/mode":"user","track/lap":0,"track/loc":11}