{"cam/image_array":"1164_cam-image_array_.jpg","user/throttle":0.5474611520767212,"user/angle":0.6285261511802673,"user/mode":"user","track/lap":0,"track/loc":17}