{"cam/image_array":"5486_cam-image_array_.jpg","user/throttle":0.4508887231349945,"user/angle":0.07249878346920014,"user/mode":"user","track/lap":0,"track/loc":19}