{"cam/image_array":"7919_cam-image_array_.jpg","user/throttle":0.2974456250667572,"user/angle":-0.9000613689422607,"user/mode":"user","track/lap":0,"track/loc":11}