{"cam/image_array":"6487_cam-image_array_.jpg","user/throttle":0.3904758393764496,"user/angle":-0.49277135729789736,"user/mode":"user","track/lap":0,"track/loc":12}