{"cam/image_array":"8782_cam-image_array_.jpg","user/throttle":0.020753510296344758,"user/angle":0.4783310890197754,"user/mode":"user","track/lap":0,"track/loc":2}