{"cam/image_array":"6971_cam-image_array_.jpg","user/throttle":0.6046716570854187,"user/angle":0.5490671992301941,"user/mode":"user","track/lap":0,"track/loc":21}