{"cam/image_array":"3710_cam-image_array_.jpg","user/throttle":0.7436618804931641,"user/angle":0.8392666578292847,"user/mode":"user","track/lap":0,"track/loc":15}