{"cam/image_array":"7979_cam-image_array_.jpg","user/throttle":0.45618751645088198,"user/angle":-0.13696062564849854,"user/mode":"user","track/lap":0,"track/loc":12}