{"cam/image_array":"6482_cam-image_array_.jpg","user/throttle":0.15498174726963044,"user/angle":-0.8198464512825012,"user/mode":"user","track/lap":0,"track/loc":12}