{"cam/image_array":"5487_cam-image_array_.jpg","user/throttle":0.49972647428512576,"user/angle":0.14032898843288423,"user/mode":"user","track/lap":0,"track/loc":19}