{"cam/image_array":"6568_cam-image_array_.jpg","user/throttle":0.30220654606819155,"user/angle":0.8433242440223694,"user/mode":"user","track/lap":0,"track/loc":14}