{"cam/image_array":"5039_cam-image_array_.jpg","user/throttle":0.143164724111557,"user/angle":0.14869044721126557,"user/mode":"user","track/lap":0,"track/loc":13}