{"cam/image_array":"8994_cam-image_array_.jpg","user/throttle":0.6989948153495789,"user/angle":0.41806280612945559,"user/mode":"user","track/lap":0,"track/loc":5}