{"cam/image_array":"2682_cam-image_array_.jpg","user/throttle":0.5465022325515747,"user/angle":0.21335972845554353,"user/mode":"user","track/lap":0,"track/loc":19}