{"cam/image_array":"6875_cam-image_array_.jpg","user/throttle":0.13216552138328553,"user/angle":0.9723400473594666,"user/mode":"user","track/lap":0,"track/loc":19}