{"cam/image_array":"8390_cam-image_array_.jpg","user/throttle":0.049297064542770389,"user/angle":0.7702782154083252,"user/mode":"user","track/lap":0,"track/loc":19}