{"cam/image_array":"6978_cam-image_array_.jpg","user/throttle":0.954408586025238,"user/angle":0.06332157552242279,"user/mode":"user","track/lap":0,"track/loc":21}