{"cam/image_array":"4803_cam-image_array_.jpg","user/throttle":0.40297025442123415,"user/angle":0.6146748065948486,"user/mode":"user","track/lap":0,"track/loc":8}