{"cam/image_array":"6866_cam-image_array_.jpg","user/throttle":0.5827650427818298,"user/angle":0.3465074598789215,"user/mode":"user","track/lap":0,"track/loc":19}