{"cam/image_array":"9402_cam-image_array_.jpg","user/throttle":0.1447555124759674,"user/angle":0.40324220061302187,"user/mode":"user","track/lap":0,"track/loc":14}