{"cam/image_array":"4139_cam-image_array_.jpg","user/throttle":0.6981247067451477,"user/angle":0.4873482882976532,"user/mode":"user","track/lap":0,"track/loc":21}