{"cam/image_array":"8100_cam-image_array_.jpg","user/throttle":0.4312531352043152,"user/angle":0.7899262309074402,"user/mode":"user","track/lap":0,"track/loc":15}