{"cam/image_array":"6561_cam-image_array_.jpg","user/throttle":0.7074393630027771,"user/angle":0.2805008590221405,"user/mode":"user","track/lap":0,"track/loc":14}