{"cam/image_array":"6564_cam-image_array_.jpg","user/throttle":0.5131744146347046,"user/angle":0.5503133535385132,"user/mode":"user","track/lap":0,"track/loc":14}