{"cam/image_array":"6976_cam-image_array_.jpg","user/throttle":0.8539282083511353,"user/angle":0.20287765562534333,"user/mode":"user","track/lap":0,"track/loc":21}