{"cam/image_array":"8776_cam-image_array_.jpg","user/throttle":0.3151763677597046,"user/angle":0.06941041350364685,"user/mode":"user","track/lap":0,"track/loc":1}