{"cam/image_array":"6873_cam-image_array_.jpg","user/throttle":0.28040289878845217,"user/angle":0.766454815864563,"user/mode":"user","track/lap":0,"track/loc":19}