{"cam/image_array":"9703_cam-image_array_.jpg","user/throttle":0.3499484956264496,"user/angle":0.8356306552886963,"user/mode":"user","track/lap":0,"track/loc":19}