{"cam/image_array":"2530_cam-image_array_.jpg","user/throttle":0.4545007646083832,"user/angle":0.8292188048362732,"user/mode":"user","track/lap":0,"track/loc":17}