{"cam/image_array":"7908_cam-image_array_.jpg","user/throttle":0.8515895009040833,"user/angle":-0.13041719794273377,"user/mode":"user","track/lap":0,"track/loc":11}