{"cam/image_array":"6565_cam-image_array_.jpg","user/throttle":0.46058517694473269,"user/angle":0.6233539581298828,"user/mode":"user","track/lap":0,"track/loc":14}