{"cam/image_array":"1966_cam-image_array_.jpg","user/throttle":0.7037366628646851,"user/angle":-0.48743003606796267,"user/mode":"user","track/lap":0,"track/loc":6}