{"cam/image_array":"6492_cam-image_array_.jpg","user/throttle":0.6449389457702637,"user/angle":-0.13935035467147828,"user/mode":"user","track/lap":0,"track/loc":12}