{"cam/image_array":"2223_cam-image_array_.jpg","user/throttle":0.5017168521881104,"user/angle":-0.6194589138031006,"user/mode":"user","track/lap":0,"track/loc":11}