{"cam/image_array":"2534_cam-image_array_.jpg","user/throttle":0.6527254581451416,"user/angle":0.5539068579673767,"user/mode":"user","track/lap":0,"track/loc":17}