{"cam/image_array":"8778_cam-image_array_.jpg","user/throttle":0.2220497578382492,"user/angle":0.19875293970108033,"user/mode":"user","track/lap":0,"track/loc":2}