{"cam/image_array":"7723_cam-image_array_.jpg","user/throttle":0.6006733179092407,"user/angle":0.40209534764289858,"user/mode":"user","track/lap":0,"track/loc":7}