{"cam/image_array":"7761_cam-image_array_.jpg","user/throttle":0.5974720120429993,"user/angle":0.42007768154144289,"user/mode":"user","track/lap":0,"track/loc":8}