{"cam/image_array":"6865_cam-image_array_.jpg","user/throttle":0.6312866806983948,"user/angle":0.27911630272865298,"user/mode":"user","track/lap":0,"track/loc":19}