{"cam/image_array":"5495_cam-image_array_.jpg","user/throttle":0.8990667462348938,"user/angle":0.6949682235717773,"user/mode":"user","track/lap":0,"track/loc":19}