{"cam/image_array":"7753_cam-image_array_.jpg","user/throttle":0.20449501276016236,"user/angle":0.9658792018890381,"user/mode":"user","track/lap":0,"track/loc":8}