{"cam/image_array":"6972_cam-image_array_.jpg","user/throttle":0.6544142961502075,"user/angle":0.4799802005290985,"user/mode":"user","track/lap":0,"track/loc":21}