{"cam/image_array":"8780_cam-image_array_.jpg","user/throttle":0.17230363190174104,"user/angle":0.2678447961807251,"user/mode":"user","track/lap":0,"track/loc":2}