{"cam/image_array":"7729_cam-image_array_.jpg","user/throttle":0.29915958642959597,"user/angle":0.8208644390106201,"user/mode":"user","track/lap":0,"track/loc":7}