{"cam/image_array":"9397_cam-image_array_.jpg","user/throttle":0.3846166431903839,"user/angle":0.07010173797607422,"user/mode":"user","track/lap":0,"track/loc":14}