{"cam/image_array":"9398_cam-image_array_.jpg","user/throttle":0.2956712543964386,"user/angle":0.19363698363304139,"user/mode":"user","track/lap":0,"track/loc":14}