{"cam/image_array":"9697_cam-image_array_.jpg","user/throttle":0.6469516158103943,"user/angle":0.4231261610984802,"user/mode":"user","track/lap":0,"track/loc":19}