{"cam/image_array":"6975_cam-image_array_.jpg","user/throttle":0.7549651861190796,"user/angle":0.3403262495994568,"user/mode":"user","track/lap":0,"track/loc":21}