{"cam/image_array":"9572_cam-image_array_.jpg","user/throttle":0.8988136053085327,"user/angle":-0.2086164802312851,"user/mode":"user","track/lap":0,"track/loc":17}