{"cam/image_array":"7909_cam-image_array_.jpg","user/throttle":0.8009257316589356,"user/angle":-0.20078350603580476,"user/mode":"user","track/lap":0,"track/loc":11}