{"cam/image_array":"4080_cam-image_array_.jpg","user/throttle":0.6541439294815064,"user/angle":0.6928327083587647,"user/mode":"user","track/lap":0,"track/loc":20}