{"cam/image_array":"3907_cam-image_array_.jpg","user/throttle":0.14883574843406678,"user/angle":0.8446734547615051,"user/mode":"user","track/lap":0,"track/loc":18}