{"cam/image_array":"7766_cam-image_array_.jpg","user/throttle":0.8558204770088196,"user/angle":0.06126030907034874,"user/mode":"user","track/lap":0,"track/loc":8}