{"cam/image_array":"3706_cam-image_array_.jpg","user/throttle":0.9547358751296997,"user/angle":0.5461082458496094,"user/mode":"user","track/lap":0,"track/loc":15}