{"cam/image_array":"3909_cam-image_array_.jpg","user/throttle":0.2523307502269745,"user/angle":0.7009304165840149,"user/mode":"user","track/lap":0,"track/loc":18}