{"cam/image_array":"6708_cam-image_array_.jpg","user/throttle":0.8032403588294983,"user/angle":0.9689505100250244,"user/mode":"user","track/lap":0,"track/loc":16}