{"cam/image_array":"8383_cam-image_array_.jpg","user/throttle":0.4047611951828003,"user/angle":0.2765779495239258,"user/mode":"user","track/lap":0,"track/loc":19}