{"cam/image_array":"2531_cam-image_array_.jpg","user/throttle":0.5099937915802002,"user/angle":0.7521452307701111,"user/mode":"user","track/lap":0,"track/loc":17}