{"cam/image_array":"1969_cam-image_array_.jpg","user/throttle":0.5534595251083374,"user/angle":-0.27871182560920718,"user/mode":"user","track/lap":0,"track/loc":6}