{"cam/image_array":"1026_cam-image_array_.jpg","user/throttle":0.14222463965415955,"user/angle":0.9095873236656189,"user/mode":"user","track/lap":0,"track/loc":14}