{"cam/image_array":"9694_cam-image_array_.jpg","user/throttle":0.7482938766479492,"user/angle":0.2823730707168579,"user/mode":"user","track/lap":0,"track/loc":19}