{"cam/image_array":"8093_cam-image_array_.jpg","user/throttle":0.7966402173042297,"user/angle":0.2824441194534302,"user/mode":"user","track/lap":0,"track/loc":15}