{"cam/image_array":"9695_cam-image_array_.jpg","user/throttle":0.6987828612327576,"user/angle":0.35113832354545596,"user/mode":"user","track/lap":0,"track/loc":19}