{"cam/image_array":"8997_cam-image_array_.jpg","user/throttle":0.7992279529571533,"user/angle":0.27885013818740847,"user/mode":"user","track/lap":0,"track/loc":5}