{"cam/image_array":"7720_cam-image_array_.jpg","user/throttle":0.7530762553215027,"user/angle":0.19042465090751649,"user/mode":"user","track/lap":0,"track/loc":7}