{"cam/image_array":"1165_cam-image_array_.jpg","user/throttle":0.5986381769180298,"user/angle":0.5574470162391663,"user/mode":"user","track/lap":0,"track/loc":17}