{"cam/image_array":"2762_cam-image_array_.jpg","user/throttle":0.8958419561386108,"user/angle":0.8419592976570129,"user/mode":"user","track/lap":0,"track/loc":20}