{"cam/image_array":"1022_cam-image_array_.jpg","user/throttle":0.34809353947639468,"user/angle":0.7671659588813782,"user/mode":"user","track/lap":0,"track/loc":14}