{"cam/image_array":"6486_cam-image_array_.jpg","user/throttle":0.34608447551727297,"user/angle":-0.5544260144233704,"user/mode":"user","track/lap":0,"track/loc":12}