{"cam/image_array":"4083_cam-image_array_.jpg","user/throttle":0.5026416182518005,"user/angle":0.9032524824142456,"user/mode":"user","track/lap":0,"track/loc":20}