{"cam/image_array":"7975_cam-image_array_.jpg","user/throttle":0.2612304985523224,"user/angle":-0.4077342748641968,"user/mode":"user","track/lap":0,"track/loc":12}