{"cam/image_array":"5492_cam-image_array_.jpg","user/throttle":0.7521117329597473,"user/angle":0.49086400866508486,"user/mode":"user","track/lap":0,"track/loc":19}