{"cam/image_array":"9560_cam-image_array_.jpg","user/throttle":0.8501067161560059,"user/angle":0.8906694054603577,"user/mode":"user","track/lap":0,"track/loc":17}