{"cam/image_array":"1014_cam-image_array_.jpg","user/throttle":0.7415072917938232,"user/angle":0.22075799107551576,"user/mode":"user","track/lap":0,"track/loc":14}