{"cam/image_array":"4079_cam-image_array_.jpg","user/throttle":0.7044205665588379,"user/angle":0.6230040192604065,"user/mode":"user","track/lap":0,"track/loc":20}