{"cam/image_array":"4807_cam-image_array_.jpg","user/throttle":0.24877674877643586,"user/angle":0.8288325667381287,"user/mode":"user","track/lap":0,"track/loc":8}