{"cam/image_array":"3921_cam-image_array_.jpg","user/throttle":0.8547007441520691,"user/angle":-0.42152169346809389,"user/mode":"user","track/lap":0,"track/loc":18}