{"cam/image_array":"3906_cam-image_array_.jpg","user/throttle":0.04632812365889549,"user/angle":0.987045168876648,"user/mode":"user","track/lap":0,"track/loc":18}