{"cam/image_array":"8987_cam-image_array_.jpg","user/throttle":0.35078877210617068,"user/angle":0.9016821980476379,"user/mode":"user","track/lap":0,"track/loc":5}