{"cam/image_array":"9691_cam-image_array_.jpg","user/throttle":0.8994960188865662,"user/angle":0.07237014174461365,"user/mode":"user","track/lap":0,"track/loc":19}