{"cam/image_array":"5493_cam-image_array_.jpg","user/throttle":0.7998133301734924,"user/angle":0.5571162700653076,"user/mode":"user","track/lap":0,"track/loc":19}