{"cam/image_array":"6969_cam-image_array_.jpg","user/throttle":0.45766937732696535,"user/angle":0.7532370090484619,"user/mode":"user","track/lap":0,"track/loc":21}