{"cam/image_array":"3918_cam-image_array_.jpg","user/throttle":0.6490187644958496,"user/angle":-0.13585242629051209,"user/mode":"user","track/lap":0,"track/loc":18}