{"cam/image_array":"6864_cam-image_array_.jpg","user/throttle":0.6778287887573242,"user/angle":0.21447448432445527,"user/mode":"user","track/lap":0,"track/loc":19}