{"cam/image_array":"6485_cam-image_array_.jpg","user/throttle":0.29417935013771059,"user/angle":-0.6265164613723755,"user/mode":"user","track/lap":0,"track/loc":12}