{"cam/image_array":"1018_cam-image_array_.jpg","user/throttle":0.5876123905181885,"user/angle":0.43450087308883669,"user/mode":"user","track/lap":0,"track/loc":14}