{"cam/image_array":"4133_cam-image_array_.jpg","user/throttle":0.3999355137348175,"user/angle":0.9014999866485596,"user/mode":"user","track/lap":0,"track/loc":21}