{"cam/image_array":"2679_cam-image_array_.jpg","user/throttle":0.6467840075492859,"user/angle":0.07407952100038529,"user/mode":"user","track/lap":0,"track/loc":19}