{"cam/image_array":"9693_cam-image_array_.jpg","user/throttle":0.7993448972702026,"user/angle":0.2114689201116562,"user/mode":"user","track/lap":0,"track/loc":19}