{"cam/image_array":"2684_cam-image_array_.jpg","user/throttle":0.4015249013900757,"user/angle":0.4147171974182129,"user/mode":"user","track/lap":0,"track/loc":19}