{"cam/image_array":"3707_cam-image_array_.jpg","user/throttle":0.9015775918960571,"user/angle":0.6199391484260559,"user/mode":"user","track/lap":0,"track/loc":15}