{"cam/image_array":"2690_cam-image_array_.jpg","user/throttle":0.10043726116418839,"user/angle":0.8328945636749268,"user/mode":"user","track/lap":0,"track/loc":19}