{"cam/image_array":"7977_cam-image_array_.jpg","user/throttle":0.3133767545223236,"user/angle":-0.33530890941619875,"user/mode":"user","track/lap":0,"track/loc":12}