{"cam/image_array":"7765_cam-image_array_.jpg","user/throttle":0.8041818737983704,"user/angle":0.13298062980175019,"user/mode":"user","track/lap":0,"track/loc":8}