{"cam/image_array":"3098_cam-image_array_.jpg","user/throttle":0.046059682965278628,"user/angle":0.15009653568267823,"user/mode":"user","track/lap":0,"track/loc":2}