{"cam/image_array":"2528_cam-image_array_.jpg","user/throttle":0.3515312671661377,"user/angle":0.9722321033477783,"user/mode":"user","track/lap":0,"track/loc":17}