{"cam/image_array":"1015_cam-image_array_.jpg","user/throttle":0.6894816756248474,"user/angle":0.29301583766937258,"user/mode":"user","track/lap":0,"track/loc":14}