{"cam/image_array":"1971_cam-image_array_.jpg","user/throttle":0.44842761754989626,"user/angle":-0.13283421099185944,"user/mode":"user","track/lap":0,"track/loc":6}