{"cam/image_array":"2686_cam-image_array_.jpg","user/throttle":0.3010331392288208,"user/angle":0.5542891025543213,"user/mode":"user","track/lap":0,"track/loc":19}