{"cam/image_array":"6871_cam-image_array_.jpg","user/throttle":0.33254989981651308,"user/angle":0.6940284371376038,"user/mode":"user","track/lap":0,"track/loc":19}