{"cam/image_array":"9701_cam-image_array_.jpg","user/throttle":0.4008939862251282,"user/angle":0.7648729681968689,"user/mode":"user","track/lap":0,"track/loc":19}