{"cam/image_array":"7974_cam-image_array_.jpg","user/throttle":0.2066357582807541,"user/angle":-0.4835602939128876,"user/mode":"user","track/lap":0,"track/loc":12}