{"cam/image_array":"2687_cam-image_array_.jpg","user/throttle":0.2525586485862732,"user/angle":0.6216147541999817,"user/mode":"user","track/lap":0,"track/loc":19}