{"cam/image_array":"7982_cam-image_array_.jpg","user/throttle":0.551300048828125,"user/angle":-0.004859935957938433,"user/mode":"user","track/lap":0,"track/loc":12}