{"cam/image_array":"8385_cam-image_array_.jpg","user/throttle":0.3543870747089386,"user/angle":0.34654200077056887,"user/mode":"user","track/lap":0,"track/loc":19}