{"cam/image_array":"6711_cam-image_array_.jpg","user/throttle":0.8992717266082764,"user/angle":0.8355735540390015,"user/mode":"user","track/lap":0,"track/loc":16}