{"cam/image_array":"8382_cam-image_array_.jpg","user/throttle":0.4524560868740082,"user/angle":0.21033507585525514,"user/mode":"user","track/lap":0,"track/loc":19}