{"cam/image_array":"3911_cam-image_array_.jpg","user/throttle":0.3572806119918823,"user/angle":0.5551667213439941,"user/mode":"user","track/lap":0,"track/loc":18}