{"cam/image_array":"8380_cam-image_array_.jpg","user/throttle":0.5505266785621643,"user/angle":0.07412587106227875,"user/mode":"user","track/lap":0,"track/loc":19}