{"cam/image_array":"7971_cam-image_array_.jpg","user/throttle":0.04700562357902527,"user/angle":-0.7052688002586365,"user/mode":"user","track/lap":0,"track/loc":12}