{"cam/image_array":"8094_cam-image_array_.jpg","user/throttle":0.7468712329864502,"user/angle":0.35156774520874026,"user/mode":"user","track/lap":0,"track/loc":15}