{"cam/image_array":"6967_cam-image_array_.jpg","user/throttle":0.4090436100959778,"user/angle":0.8207727670669556,"user/mode":"user","track/lap":0,"track/loc":21}