{"cam/image_array":"7914_cam-image_array_.jpg","user/throttle":0.5318259000778198,"user/angle":-0.5745333433151245,"user/mode":"user","track/lap":0,"track/loc":11}