{"cam/image_array":"7973_cam-image_array_.jpg","user/throttle":0.15173375606536866,"user/angle":-0.5598130822181702,"user/mode":"user","track/lap":0,"track/loc":12}