{"cam/image_array":"4797_cam-image_array_.jpg","user/throttle":0.6987676024436951,"user/angle":0.20384515821933747,"user/mode":"user","track/lap":0,"track/loc":8}