{"cam/image_array":"7980_cam-image_array_.jpg","user/throttle":0.49762576818466189,"user/angle":-0.07940750569105149,"user/mode":"user","track/lap":0,"track/loc":12}