{"cam/image_array":"7758_cam-image_array_.jpg","user/throttle":0.44562578201293948,"user/angle":0.6309752464294434,"user/mode":"user","track/lap":0,"track/loc":8}