{"cam/image_array":"7755_cam-image_array_.jpg","user/throttle":0.31214389204978945,"user/angle":0.8163668513298035,"user/mode":"user","track/lap":0,"track/loc":8}