{"cam/image_array":"5489_cam-image_array_.jpg","user/throttle":0.5988108515739441,"user/angle":0.2779461741447449,"user/mode":"user","track/lap":0,"track/loc":19}