{"cam/image_array":"4136_cam-image_array_.jpg","user/throttle":0.5583012700080872,"user/angle":0.6815475821495056,"user/mode":"user","track/lap":0,"track/loc":21}