{"cam/image_array":"7911_cam-image_array_.jpg","user/throttle":0.6956031322479248,"user/angle":-0.34706491231918337,"user/mode":"user","track/lap":0,"track/loc":11}