{"cam/image_array":"6569_cam-image_array_.jpg","user/throttle":0.24890980124473573,"user/angle":0.9173474907875061,"user/mode":"user","track/lap":0,"track/loc":14}