{"cam/image_array":"1013_cam-image_array_.jpg","user/throttle":0.7938805222511292,"user/angle":0.14801736176013947,"user/mode":"user","track/lap":0,"track/loc":14}