{"cam/image_array":"2227_cam-image_array_.jpg","user/throttle":0.6992026567459106,"user/angle":-0.3451729416847229,"user/mode":"user","track/lap":0,"track/loc":11}