{"cam/image_array":"9704_cam-image_array_.jpg","user/throttle":0.25062936544418337,"user/angle":0.9735738039016724,"user/mode":"user","track/lap":0,"track/loc":19}