{"cam/image_array":"2218_cam-image_array_.jpg","user/throttle":0.25061750411987307,"user/angle":-0.9682080149650574,"user/mode":"user","track/lap":0,"track/loc":11}