{"cam/image_array":"2685_cam-image_array_.jpg","user/throttle":0.3526288866996765,"user/angle":0.48262834548950198,"user/mode":"user","track/lap":0,"track/loc":19}