{"cam/image_array":"2689_cam-image_array_.jpg","user/throttle":0.15192563831806184,"user/angle":0.7613828182220459,"user/mode":"user","track/lap":0,"track/loc":19}