{"cam/image_array":"6712_cam-image_array_.jpg","user/throttle":0.9994540214538574,"user/angle":0.6964315176010132,"user/mode":"user","track/lap":0,"track/loc":16}