{"cam/image_array":"6862_cam-image_array_.jpg","user/throttle":0.7790327072143555,"user/angle":0.07391353696584702,"user/mode":"user","track/lap":0,"track/loc":19}