{"cam/image_array":"2231_cam-image_array_.jpg","user/throttle":0.9121005535125732,"user/angle":-0.04948143661022186,"user/mode":"user","track/lap":0,"track/loc":11}