{"cam/image_array":"1924_cam-image_array_.jpg","user/throttle":0.8416330814361572,"user/angle":-0.12385242432355881,"user/mode":"user","track/lap":0,"track/loc":5}