{"cam/image_array":"6570_cam-image_array_.jpg","user/throttle":0.21618518233299256,"user/angle":0.9627983570098877,"user/mode":"user","track/lap":0,"track/loc":14}