{"cam/image_array":"5494_cam-image_array_.jpg","user/throttle":0.8487027287483215,"user/angle":0.6250181794166565,"user/mode":"user","track/lap":0,"track/loc":19}