{"cam/image_array":"6489_cam-image_array_.jpg","user/throttle":0.48952844738960268,"user/angle":-0.3551982641220093,"user/mode":"user","track/lap":0,"track/loc":12}