{"cam/image_array":"6490_cam-image_array_.jpg","user/throttle":0.5401781797409058,"user/angle":-0.28485140204429629,"user/mode":"user","track/lap":0,"track/loc":12}