{"cam/image_array":"1025_cam-image_array_.jpg","user/throttle":0.1938873827457428,"user/angle":0.9813411235809326,"user/mode":"user","track/lap":0,"track/loc":14}