{"cam/image_array":"8103_cam-image_array_.jpg","user/throttle":0.34063225984573367,"user/angle":0.9157885313034058,"user/mode":"user","track/lap":0,"track/loc":15}