{"cam/image_array":"3910_cam-image_array_.jpg","user/throttle":0.3050568699836731,"user/angle":0.6276996731758118,"user/mode":"user","track/lap":0,"track/loc":18}