{"cam/image_array":"7913_cam-image_array_.jpg","user/throttle":0.5905944108963013,"user/angle":-0.4929104447364807,"user/mode":"user","track/lap":0,"track/loc":11}