{"cam/image_array":"4132_cam-image_array_.jpg","user/throttle":0.34897488355636599,"user/angle":0.9722785949707031,"user/mode":"user","track/lap":0,"track/loc":21}