{"cam/image_array":"8098_cam-image_array_.jpg","user/throttle":0.5410847663879395,"user/angle":0.6373822689056397,"user/mode":"user","track/lap":0,"track/loc":15}