{"cam/image_array":"1027_cam-image_array_.jpg","user/throttle":0.09067939221858978,"user/angle":0.8379967212677002,"user/mode":"user","track/lap":0,"track/loc":14}