{"cam/image_array":"2680_cam-image_array_.jpg","user/throttle":0.5966525077819824,"user/angle":0.14370660483837129,"user/mode":"user","track/lap":0,"track/loc":19}