{"cam/image_array":"7907_cam-image_array_.jpg","user/throttle":0.8972242474555969,"user/angle":-0.06703558564186096,"user/mode":"user","track/lap":0,"track/loc":11}