{"cam/image_array":"1172_cam-image_array_.jpg","user/throttle":0.9484682679176331,"user/angle":0.07157179713249207,"user/mode":"user","track/lap":0,"track/loc":17}