{"cam/image_array":"8781_cam-image_array_.jpg","user/throttle":0.07294188439846039,"user/angle":0.4058472216129303,"user/mode":"user","track/lap":0,"track/loc":2}