{"cam/image_array":"2761_cam-image_array_.jpg","user/throttle":0.8469536900520325,"user/angle":0.9098596572875977,"user/mode":"user","track/lap":0,"track/loc":20}