{"cam/image_array":"2222_cam-image_array_.jpg","user/throttle":0.44721999764442446,"user/angle":-0.6951490044593811,"user/mode":"user","track/lap":0,"track/loc":11}