{"cam/image_array":"6973_cam-image_array_.jpg","user/throttle":0.7059774398803711,"user/angle":0.40836480259895327,"user/mode":"user","track/lap":0,"track/loc":21}