{"cam/image_array":"1160_cam-image_array_.jpg","user/throttle":0.34751763939857485,"user/angle":0.9062255024909973,"user/mode":"user","track/lap":0,"track/loc":17}