{"cam/image_array":"6970_cam-image_array_.jpg","user/throttle":0.5542476773262024,"user/angle":0.6191005110740662,"user/mode":"user","track/lap":0,"track/loc":21}