{"cam/image_array":"6562_cam-image_array_.jpg","user/throttle":0.6115137934684753,"user/angle":0.4137309193611145,"user/mode":"user","track/lap":0,"track/loc":14}