{"cam/image_array":"1159_cam-image_array_.jpg","user/throttle":0.29609251022338869,"user/angle":0.9776492714881897,"user/mode":"user","track/lap":0,"track/loc":17}