{"cam/image_array":"9400_cam-image_array_.jpg","user/throttle":0.19905775785446168,"user/angle":0.32782238721847536,"user/mode":"user","track/lap":0,"track/loc":14}