{"cam/image_array":"5491_cam-image_array_.jpg","user/throttle":0.6482858657836914,"user/angle":0.34666144847869875,"user/mode":"user","track/lap":0,"track/loc":19}