{"cam/image_array":"2186_cam-image_array_.jpg","user/throttle":0.9473238587379456,"user/angle":-0.9666227698326111,"user/mode":"user","track/lap":0,"track/loc":10}