{"cam/image_array":"3709_cam-image_array_.jpg","user/throttle":0.8466300964355469,"user/angle":0.6962552070617676,"user/mode":"user","track/lap":0,"track/loc":15}