{"cam/image_array":"6965_cam-image_array_.jpg","user/throttle":0.3021957576274872,"user/angle":0.9691725969314575,"user/mode":"user","track/lap":0,"track/loc":21}