{"cam/image_array":"2535_cam-image_array_.jpg","user/throttle":0.7034449577331543,"user/angle":0.4834631383419037,"user/mode":"user","track/lap":0,"track/loc":17}