{"cam/image_array":"2539_cam-image_array_.jpg","user/throttle":0.9007787704467773,"user/angle":0.20938850939273835,"user/mode":"user","track/lap":0,"track/loc":17}