{"cam/image_array":"6868_cam-image_array_.jpg","user/throttle":0.4814245104789734,"user/angle":0.4872581660747528,"user/mode":"user","track/lap":0,"track/loc":19}