{"cam/image_array":"5497_cam-image_array_.jpg","user/throttle":0.9489231109619141,"user/angle":0.7642132043838501,"user/mode":"user","track/lap":0,"track/loc":19}