{"cam/image_array":"2763_cam-image_array_.jpg","user/throttle":0.9477773308753967,"user/angle":0.7698268294334412,"user/mode":"user","track/lap":0,"track/loc":20}