{"cam/image_array":"8095_cam-image_array_.jpg","user/throttle":0.6973637342453003,"user/angle":0.42032814025878909,"user/mode":"user","track/lap":0,"track/loc":15}