{"cam/image_array":"8101_cam-image_array_.jpg","user/throttle":0.3820263743400574,"user/angle":0.8582966923713684,"user/mode":"user","track/lap":0,"track/loc":15}