{"cam/image_array":"1020_cam-image_array_.jpg","user/throttle":0.44408440589904787,"user/angle":0.633845329284668,"user/mode":"user","track/lap":0,"track/loc":14}