{"cam/image_array":"4082_cam-image_array_.jpg","user/throttle":0.5526173710823059,"user/angle":0.8338417410850525,"user/mode":"user","track/lap":0,"track/loc":20}