{"cam/image_array":"1016_cam-image_array_.jpg","user/throttle":0.6366985440254211,"user/angle":0.3663257360458374,"user/mode":"user","track/lap":0,"track/loc":14}