{"cam/image_array":"4866_cam-image_array_.jpg","user/throttle":0.9555788636207581,"user/angle":0.26270100474357607,"user/mode":"user","track/lap":0,"track/loc":9}