{"cam/image_array":"7972_cam-image_array_.jpg","user/throttle":0.10068824887275696,"user/angle":-0.6307095885276794,"user/mode":"user","track/lap":0,"track/loc":12}