{"cam/image_array":"9564_cam-image_array_.jpg","user/throttle":0.9974288940429688,"user/angle":0.6860553026199341,"user/mode":"user","track/lap":0,"track/loc":17}