{"cam/image_array":"7763_cam-image_array_.jpg","user/throttle":0.6991727352142334,"user/angle":0.27882662415504458,"user/mode":"user","track/lap":0,"track/loc":8}