{"cam/image_array":"1028_cam-image_array_.jpg","user/throttle":0.03759176284074783,"user/angle":0.7642638683319092,"user/mode":"user","track/lap":0,"track/loc":14}