{"cam/image_array":"9562_cam-image_array_.jpg","user/throttle":0.9473134875297546,"user/angle":0.7556599974632263,"user/mode":"user","track/lap":0,"track/loc":17}