{"cam/image_array":"1163_cam-image_array_.jpg","user/throttle":0.49670812487602236,"user/angle":0.6990164518356323,"user/mode":"user","track/lap":0,"track/loc":17}