{"cam/image_array":"2102_cam-image_array_.jpg","user/throttle":0.49331986904144289,"user/angle":0.9820969700813294,"user/mode":"user","track/lap":0,"track/loc":9}