{"cam/image_array":"6870_cam-image_array_.jpg","user/throttle":0.37901702523231509,"user/angle":0.6294907927513123,"user/mode":"user","track/lap":0,"track/loc":19}