{"cam/image_array":"6567_cam-image_array_.jpg","user/throttle":0.40868479013442995,"user/angle":0.6954378485679627,"user/mode":"user","track/lap":0,"track/loc":14}