{"cam/image_array":"3930_cam-image_array_.jpg","user/throttle":0.9495401382446289,"user/angle":-0.9693219661712647,"user/mode":"user","track/lap":0,"track/loc":18}