{"cam/image_array":"7920_cam-image_array_.jpg","user/throttle":0.25220438838005068,"user/angle":-0.962896466255188,"user/mode":"user","track/lap":0,"track/loc":11}