{"cam/image_array":"3919_cam-image_array_.jpg","user/throttle":0.7481934428215027,"user/angle":-0.2735949754714966,"user/mode":"user","track/lap":0,"track/loc":18}