{"cam/image_array":"4145_cam-image_array_.jpg","user/throttle":0.9996688961982727,"user/angle":0.06853678822517395,"user/mode":"user","track/lap":0,"track/loc":21}