{"cam/image_array":"3908_cam-image_array_.jpg","user/throttle":0.19870725274085999,"user/angle":0.7754075527191162,"user/mode":"user","track/lap":0,"track/loc":18}