{"cam/image_array":"2221_cam-image_array_.jpg","user/throttle":0.41124287247657778,"user/angle":-0.7451172471046448,"user/mode":"user","track/lap":0,"track/loc":11}