{"cam/image_array":"4077_cam-image_array_.jpg","user/throttle":0.8043065667152405,"user/angle":0.48427343368530276,"user/mode":"user","track/lap":0,"track/loc":20}