{"cam/image_array":"1174_cam-image_array_.jpg","user/throttle":0.9976544976234436,"user/angle":0.003257564501836896,"user/mode":"user","track/lap":0,"track/loc":17}