{"cam/image_array":"3913_cam-image_array_.jpg","user/throttle":0.41621124744415285,"user/angle":0.4733186364173889,"user/mode":"user","track/lap":0,"track/loc":18}