{"cam/image_array":"8097_cam-image_array_.jpg","user/throttle":0.5914804935455322,"user/angle":0.5673882365226746,"user/mode":"user","track/lap":0,"track/loc":15}