{"cam/image_array":"9399_cam-image_array_.jpg","user/throttle":0.24258539080619813,"user/angle":0.2673673629760742,"user/mode":"user","track/lap":0,"track/loc":14}