{"cam/image_array":"6869_cam-image_array_.jpg","user/throttle":0.4282093942165375,"user/angle":0.5611680150032044,"user/mode":"user","track/lap":0,"track/loc":19}