{"cam/image_array":"3711_cam-image_array_.jpg","user/throttle":0.6914709806442261,"user/angle":0.9117540717124939,"user/mode":"user","track/lap":0,"track/loc":15}