{"cam/image_array":"2225_cam-image_array_.jpg","user/throttle":0.5430957078933716,"user/angle":-0.5619882345199585,"user/mode":"user","track/lap":0,"track/loc":11}