{"cam/image_array":"4142_cam-image_array_.jpg","user/throttle":0.8491060137748718,"user/angle":0.27765190601348879,"user/mode":"user","track/lap":0,"track/loc":21}