{"cam/image_array":"2683_cam-image_array_.jpg","user/throttle":0.4514065086841583,"user/angle":0.3454371690750122,"user/mode":"user","track/lap":0,"track/loc":19}