{"cam/image_array":"7764_cam-image_array_.jpg","user/throttle":0.7540428638458252,"user/angle":0.20261812210083009,"user/mode":"user","track/lap":0,"track/loc":8}