{"cam/image_array":"6480_cam-image_array_.jpg","user/throttle":0.05279874801635742,"user/angle":-0.9617674350738525,"user/mode":"user","track/lap":0,"track/loc":12}