{"cam/image_array":"4799_cam-image_array_.jpg","user/throttle":0.6003164649009705,"user/angle":0.34058284759521487,"user/mode":"user","track/lap":0,"track/loc":8}