{"cam/image_array":"2691_cam-image_array_.jpg","user/throttle":0.04732738435268402,"user/angle":0.9066582918167114,"user/mode":"user","track/lap":0,"track/loc":19}