{"cam/image_array":"6874_cam-image_array_.jpg","user/throttle":0.1792723834514618,"user/angle":0.9069137573242188,"user/mode":"user","track/lap":0,"track/loc":19}