{"cam/image_array":"4143_cam-image_array_.jpg","user/throttle":0.8977122902870178,"user/angle":0.21014320850372315,"user/mode":"user","track/lap":0,"track/loc":21}