{"cam/image_array":"1021_cam-image_array_.jpg","user/throttle":0.40090465545654299,"user/angle":0.6938171982765198,"user/mode":"user","track/lap":0,"track/loc":14}