{"cam/image_array":"5041_cam-image_array_.jpg","user/throttle":0.0898052304983139,"user/angle":0.2228008657693863,"user/mode":"user","track/lap":0,"track/loc":13}