{"cam/image_array":"6558_cam-image_array_.jpg","user/throttle":0.8152853846549988,"user/angle":0.1307147592306137,"user/mode":"user","track/lap":0,"track/loc":14}