{"cam/image_array":"8998_cam-image_array_.jpg","user/throttle":0.8993847370147705,"user/angle":0.13974353671073914,"user/mode":"user","track/lap":0,"track/loc":5}