{"cam/image_array":"1171_cam-image_array_.jpg","user/throttle":0.8969277739524841,"user/angle":0.14315582811832429,"user/mode":"user","track/lap":0,"track/loc":17}