{"cam/image_array":"8387_cam-image_array_.jpg","user/throttle":0.20111507177352906,"user/angle":0.5594198107719421,"user/mode":"user","track/lap":0,"track/loc":19}