{"cam/image_array":"4075_cam-image_array_.jpg","user/throttle":0.8953210711479187,"user/angle":0.3578644394874573,"user/mode":"user","track/lap":0,"track/loc":20}