{"cam/image_array":"3916_cam-image_array_.jpg","user/throttle":0.5973650217056274,"user/angle":-0.06411110609769821,"user/mode":"user","track/lap":0,"track/loc":18}