{"cam/image_array":"8999_cam-image_array_.jpg","user/throttle":0.9504101276397705,"user/angle":0.06887495517730713,"user/mode":"user","track/lap":0,"track/loc":5}