{"cam/image_array":"6966_cam-image_array_.jpg","user/throttle":0.35473862290382388,"user/angle":0.8961963653564453,"user/mode":"user","track/lap":0,"track/loc":21}