{"cam/image_array":"2219_cam-image_array_.jpg","user/throttle":0.30351537466049197,"user/angle":-0.8947387337684631,"user/mode":"user","track/lap":0,"track/loc":11}