{"cam/image_array":"4141_cam-image_array_.jpg","user/throttle":0.7491059303283691,"user/angle":0.4165409803390503,"user/mode":"user","track/lap":0,"track/loc":21}