{"cam/image_array":"1170_cam-image_array_.jpg","user/throttle":0.8476583957672119,"user/angle":0.21158552169799806,"user/mode":"user","track/lap":0,"track/loc":17}