{"cam/image_array":"8388_cam-image_array_.jpg","user/throttle":0.15038418769836427,"user/angle":0.629879355430603,"user/mode":"user","track/lap":0,"track/loc":19}