{"cam/image_array":"1169_cam-image_array_.jpg","user/throttle":0.7984340190887451,"user/angle":0.2799527049064636,"user/mode":"user","track/lap":0,"track/loc":17}