{"cam/image_array":"8099_cam-image_array_.jpg","user/throttle":0.48646676540374758,"user/angle":0.7132406234741211,"user/mode":"user","track/lap":0,"track/loc":15}